{"cameraMode":{"drawMode":0,"name":"Shaded","section":"Shading Mode"},"sceneLighting":false,"audioPlay":false,"sceneViewState":{"m_AlwaysRefresh":false,"showFog":true,"showSkybox":false,"showFlares":true,"showImageEffects":true,"showParticleSystems":true,"showVisualEffectGraphs":true,"m_FxEnabled":true},"in2DMode":false,"pivot":{"x":-2.680000066757202,"y":0.034639716148376468,"z":-0.09445297718048096},"rotation":{"x":-0.36122840642929079,"y":-0.24869178235530854,"z":0.10047190636396408,"w":-0.8931315541267395},"size":1.9251317977905274,"orthographic":false}